# GREAT version 4.0.4	Species assembly: hg19	Association rule: Basal+extension: 5000 bp upstream, 1000 bp downstream, 1000000 bp max extension, curated regulatory domains included
# Term Name 	 Binom Rank 	 Binom Raw P-Value 	  Binom FDR Q-Val  	 Binom Fold Enrichment 	 Binom Observed Region Hits 	 Binom Region Set Coverage 	 Hyper Rank 	  Hyper FDR Q-Val  	 Hyper Fold Enrichment 	 Hyper Observed Gene Hits 	 Hyper Total Genes 	 Hyper Gene Set Coverage
cytokine receptor activity	41	2.402874e-58	2.472615952682927e-56	2.303984	476	0.01753869	95	0.01644158067263158	1.324256	66	91	0.006496702	
mitogen-activated protein kinase binding	57	4.059043e-45	3.0044039328070178e-43	3.368178	193	0.007111275	86	0.008095809665116279	1.622994	24	27	0.002362437	
protein phosphorylated amino acid binding	71	1.405467e-37	8.351641229577465e-36	2.254721	316	0.01164333	70	0.0023652991754285714	1.53539	37	44	0.003642091	
phosphotyrosine binding	77	2.629732e-35	1.440888221818182e-33	2.343594	273	0.01005895	80	0.005630239678749999	1.56503	30	35	0.002953047	
antigen binding	78	5.663958e-35	3.0636203592307694e-33	2.463017	245	0.009027266	91	0.011616928410989012	1.397931	49	64	0.004823309	
14-3-3 protein binding	93	2.768975e-30	1.2561618844086022e-28	2.401944	221	0.008142962	73	0.0037654985341095894	1.679799	23	25	0.002264002	
tumor necrosis factor receptor superfamily binding	172	4.920095e-20	1.2068535351744186e-18	2.132154	183	0.006742815	90	0.011743066156666666	1.468634	37	46	0.003642091	
RAGE receptor binding	529	2.748954e-8	2.1924077364839318e-7	3.333035	30	0.00110538	117	0.04784039491452991	1.825869	11	11	0.001082784	
